{"Week":{"0":1,"1":2,"2":3,"3":4,"4":5,"5":6,"6":7,"7":8,"8":9,"9":10,"10":11,"11":12,"12":13},"Team1":{"0":1.0,"1":1.0,"2":1.0,"3":1.0,"4":1.0,"5":1.0,"6":1.0,"7":1.0,"8":1.0,"9":1.0,"10":1.0,"11":1.0,"12":1.0},"Score1":{"0":127.78,"1":0.0,"2":0.0,"3":0.0,"4":0.0,"5":0.0,"6":0.0,"7":0.0,"8":0.0,"9":0.0,"10":0.0,"11":0.0,"12":0.0},"Team2":{"0":4.0,"1":5.0,"2":2.0,"3":11.0,"4":3.0,"5":12.0,"6":9.0,"7":10.0,"8":8.0,"9":7.0,"10":6.0,"11":12.0,"12":9.0},"Score2":{"0":73.12,"1":0.0,"2":0.0,"3":0.0,"4":0.0,"5":0.0,"6":0.0,"7":0.0,"8":0.0,"9":0.0,"10":0.0,"11":0.0,"12":0.0},"Type":{"0":"Regular","1":"Regular","2":"Regular","3":"Regular","4":"Regular","5":"Regular","6":"Regular","7":"Regular","8":"Regular","9":"Regular","10":"Regular","11":"Regular","12":"Regular"},"Chg1":{"0":18.7383333333,"1":0.0,"2":0.0,"3":0.0,"4":0.0,"5":0.0,"6":0.0,"7":0.0,"8":0.0,"9":0.0,"10":0.0,"11":0.0,"12":0.0},"Chg2":{"0":-35.9216666667,"1":0.0,"2":0.0,"3":0.0,"4":0.0,"5":0.0,"6":0.0,"7":0.0,"8":0.0,"9":0.0,"10":0.0,"11":0.0,"12":0.0},"Win":{"0":true,"1":false,"2":false,"3":false,"4":false,"5":false,"6":false,"7":false,"8":false,"9":false,"10":false,"11":false,"12":false}}